Sample,Pitch,P_Anteil,I_Anteil,D_Anteil,PWM
1,0,0,0,0,0
2,-0.01,0.2,0,0.8,0
3,-0.03,0.5,0,1.1,75
4,-0.05,0.8,0,1.3,75
5,-0.05,0.8,0,0.2,75
6,-0.1,1.5,0,2.7,75
7,-0.18,2.7,0,4.8,75
8,-0.22,3.3,0,2.2,75
9,-0.27,4,0,2.9,75
10,-0.28,4.2,0,1,40
11,-0.28,4.2,0,-0.4,40
12,-0.57,8.6,0,17.7,40
13,-0.23,3.5,0,-20.4,-75
14,0.26,-3.9,0,-29.4,-75
15,0.67,-10,0,-24.4,-75
16,1.16,-17.3,0,-29.4,-75
17,1.52,-22.7,-0,-21.6,-75
18,1.89,-28.4,-0,-22.4,-75
19,2.24,-33.5,0,-20.8,-75
20,2.56,-38.5,0,-19.7,-58
21,2.49,-37.3,0,4.6,-40
22,2.08,-31.3,0,24.2,-40
23,1.82,-27.3,-0,16,-40
24,1.93,-29,-0,-7,-40
25,2.15,-32.2,0,-12.9,-45
26,1.82,-27.3,-0,19.6,-40
27,1.4,-21,-0,25.4,75
28,0.9,-13.5,-0,30.1,75
29,0.45,-6.7,-0,27,75
30,0.03,-0.4,-0,25.3,75
31,-0.33,4.9,-0,21.3,75
32,-0.61,9.1,-0,16.8,75
33,-0.85,12.8,-0,14.6,75
34,-0.96,14.5,-0,6.8,40
35,-1,15,-0,2.2,40
36,-1.12,16.7,0,6.9,40
37,-1.39,20.8,0,16.2,40
38,-1.96,29.3,0,34.2,63
39,-1.99,29.9,0,2.3,40
40,-1.61,24.2,0,-23,40
41,-1.2,18,0,-24.5,-75
42,-0.89,13.4,0,-18.6,-75
43,-0.6,9,0,-17.7,-75
44,-0.19,2.9,0,-24.2,-75
45,0.18,-2.7,0,-22.4,-75
46,0.56,-8.3,0,-22.6,-75
47,0.87,-13.1,0,-18.9,-75
48,0.98,-14.7,0,-6.6,-40
49,1.05,-15.7,0,-4,-40
50,1.02,-15.3,0,1.5,-40
51,1.16,-17.5,0,-8.6,-40
52,1.11,-16.7,0,3.2,-40
53,0.66,-9.9,0,26.8,75
54,0.21,-3.1,0,27.2,75
55,-0.26,4,0,28.4,75
56,-0.69,10.4,0,25.7,75
57,-1.07,16,0,22.4,75
58,-1.51,22.7,0,26.7,75
59,-1.64,24.6,0,7.8,75
60,-1.72,25.8,0,4.7,40
61,-1.54,23.2,0,-10.6,40
62,-1.31,19.6,0,-14.3,40
63,-1.31,19.7,0,0.5,40
64,-1.55,23.3,0,14.3,40
65,-1.2,18,0,-21.1,-75
66,-0.91,13.6,0,-17.6,-75
67,-0.59,8.8,0,-19.3,-75
68,-0.22,3.3,0,-22,-75
69,0.16,-2.4,0,-22.7,-75
70,0.48,-7.2,0,-19.2,-75
71,0.85,-12.8,0,-22.5,-75
72,1.55,-23.3,0,-41.8,-65
73,1.73,-25.9,0,-10.6,-40
74,1.55,-23.3,0,10.6,-40
75,1.69,-25.3,0,-8.1,-40
76,1.45,-21.8,0,14.1,-40
77,1.07,-16.1,0,22.8,75
78,0.69,-10.4,0,22.6,75
79,0.35,-5.3,0,20.6,75
80,-0.08,1.2,0,26.1,75
81,-0.47,7.1,0,23.5,75
82,-0.74,11.1,0,16.1,75
83,-0.92,13.8,0,10.6,75
84,-1.06,15.8,0,8.1,40
85,-1.07,16,0,0.9,40
86,-1.07,16,0,0,40
87,-0.76,11.4,0,-18.8,-75
88,-0.45,6.7,0,-18.5,-75
89,-0.25,3.8,0,-11.8,-75
90,-0.27,4,0,1.1,75
91,0.02,-0.4,0,-17.5,-75
92,0.31,-4.7,0,-17.4,-75
93,0.61,-9.1,0,-17.6,-75
94,1.09,-16.4,0,-29.2,-75
95,1.45,-21.7,0,-21.2,-75
96,1.26,-18.9,0,11.2,-75
97,1.02,-15.3,0,14.5,0
98,0.96,-14.4,0,3.5,-75
99,0.9,-13.5,0,3.8,-75
100,0.82,-12.4,0,4.5,-75
101,0.73,-10.9,0,5.8,-75
102,0.47,-7,0,15.5,75
103,0.05,-0.8,0,24.8,75
104,-0.36,5.4,0,25,75
105,-0.81,12.2,0,27.1,75
106,-1.24,18.6,0,25.7,75
107,-1.68,25.2,0,26.5,75
108,-2.04,30.6,0,21.4,75
109,-2.5,37.5,0,27.4,64
110,-2.59,38.9,0,5.6,44
111,-2.38,35.7,0,-12.8,40
112,-2.11,31.6,0,-16.2,40
113,-1.79,26.9,0,-18.9,40
114,-1.46,21.9,0,-20.1,40
115,-1.37,20.6,0,-5.3,40
116,-1.35,20.3,0,-1,40
117,-1.21,18.2,0,-8.6,40
118,-0.8,12.1,0,-24.4,-75
119,-0.37,5.5,0,-26,-75
120,0.16,-2.5,0,-32.1,-75
121,0.58,-8.7,0,-24.8,-75
122,1.02,-15.3,0,-26.3,-75
123,1.32,-19.9,0,-18.4,-75
124,1.48,-22.2,0,-9.4,-75
125,1.54,-23,0,-3.4,-40
126,1.54,-23.1,0,-0.4,-40
127,1.62,-24.2,-0,-4.4,-40
128,1.9,-28.4,-0,-16.8,-45
129,1.82,-27.4,-0,4.3,-40
130,1.69,-25.4,-0,7.9,-40
131,1.6,-24,-0,5.5,-40
132,1.53,-22.9,-0,4.5,-40
133,1.46,-21.8,-0,4.3,-40
134,1.32,-19.8,-0,8.2,-40
135,1.26,-18.9,-0,3.5,-40
136,1.26,-18.8,-0,0.2,-40
137,1.18,-17.7,-0,4.6,-40
138,0.92,-13.9,-0,15.3,75
139,0.67,-10.1,-0,15.1,75
140,0.44,-6.6,-0,13.9,75
141,0.2,-3,-0,14.6,75
142,-0.1,1.5,-0,18,75
143,-0.5,7.5,-0,24.1,75
144,-0.53,7.9,-0,1.6,75
145,-0.63,9.4,-0,5.7,40
146,-0.58,8.8,-0,-2.5,40
147,-0.58,8.7,-0,-0.1,40
148,-0.2,3,-0,-23.1,-75
149,0.04,-0.5,-0,-14.1,-75
150,0.23,-3.4,-0,-11.5,-75
151,0.62,-9.3,-0,-23.6,-75
152,0.93,-13.9,-0,-18.5,-75
153,1.24,-18.6,-0,-18.5,-75
154,1.56,-23.5,-0,-19.5,-75
155,2.19,-32.9,0,-37.7,-70
156,2.57,-38.5,0,-22.5,-61
157,2.41,-36.1,0,9.5,-40
158,2.26,-33.8,0,9.2,-40
159,2.59,-38.9,0,-20.1,-58
160,2.68,-40.1,0,-5,-45
161,2.24,-33.5,0,26.3,-40
162,1.98,-29.7,-0,15.5,-40
163,1.84,-27.6,-0,8.4,-40
164,1.6,-24,-0,14.4,-40
165,1.42,-21.3,-0,10.8,-40
166,1.24,-18.6,-0,10.5,-40
167,0.87,-13.1,-0,22.2,75
168,0.44,-6.6,-0,25.9,75
169,-0.06,0.9,-0,29.9,75
170,-0.41,6.1,-0,20.9,75
171,-0.77,11.6,-0,21.9,75
172,-1.1,16.4,-0,19.5,75
173,-1.29,19.3,-0,11.4,75
174,-1.35,20.2,-0,3.6,40
175,-7.71,267.2,0,462.3,255
176,-7.34,242.3,0,-22.1,220
177,-7.06,224,0,-16.9,207
178,-7.06,224.2,0,0.2,224
179,-6.77,206.5,0,-17.1,189
180,-6.66,199.9,0,-6.6,193
181,-5.98,160.7,0,-41.3,119
182,-5.15,119.3,0,-49.7,75
183,-4.63,69.4,0,-31.1,75
184,-4.27,64,0,-21.8,75
185,-3.22,48.3,0,-62.7,-75
186,-2.16,32.4,0,-63.7,-75
187,-0.92,13.8,0,-74.3,-75
188,0.29,-4.3,0,-72.6,-76
189,1.61,-24.2,-0,-79.5,-103
190,2.74,-41.1,0,-67.7,-108
191,3.99,-59.9,0,-75,-134
192,5.16,-119.7,0,-70,-189
193,6.2,-173,0,-62.5,-235
194,7.09,-225.9,0,-53.1,-255
195,7.8,-273.8,0,-42.9,-255
196,8.35,-313.6,0,-32.8,-255
197,8.67,-338.6,0,-19.6,-255
198,9.14,-375.7,0,-27.7,-255
199,9.27,-386.5,0,-7.9,-255
200,9.37,-394.8,0,-5.9,-255
201,9.33,-391.3,0,2.4,-255
202,9.08,-371.1,0,14.7,-255
203,8.64,-336.1,0,26.3,-255
204,8.37,-315.1,0,16.5,-255
205,7.84,-276.4,0,31.8,-244
206,7.07,-224.9,0,46.1,-178
207,6.32,-179.8,0,45,-134
208,5.32,-127.4,0,60,-75
209,4.55,-68.2,0,46.4,-75
210,3.83,-57.5,0,42.9,-75
211,2.88,-43.3,0,56.8,75
212,1.94,-29.1,-0,56.5,75
213,0.79,-11.9,-0,68.9,75
214,-0.2,2.9,-0,59.4,75
215,-0.86,12.8,-0,39.6,75
216,-1.61,24.1,-0,45.2,75
217,-2.35,35.2,0,44.1,79
218,-3.02,45.3,0,40.6,85
219,-3.56,53.4,0,32.5,85
220,-4.13,61.9,0,33.9,95
221,-4.38,65.7,0,15.2,80
222,-4.08,61.3,0,-17.8,75
223,-3.84,57.5,0,-14.9,75
224,-3.73,55.9,0,-6.4,75
225,-3.74,56.1,0,0.9,75
226,-3.69,55.3,0,-3.5,75
227,-3.61,54.1,0,-4.6,75
228,-3.32,49.8,0,-17.4,75
229,-3.04,45.6,0,-16.8,40
230,-2.75,41.3,0,-17.3,40
231,-2.35,35.3,0,-24,40
232,-1.88,28.2,0,-28.4,0
233,-1.39,20.9,0,-29.2,-75
234,-0.9,13.5,0,-29.5,-75
235,-0.53,8,0,-22.2,-75
236,-0.11,1.7,0,-25.1,-75
237,0.32,-4.8,0,-25.9,-75
238,0.66,-9.9,0,-20.3,-75
239,0.96,-14.4,0,-18.1,-75
240,1.13,-16.9,0,-10.1,-40
241,1.32,-19.8,0,-11.3,-40
242,1.4,-21,-0,-4.9,-40
243,1.28,-19.2,-0,7.1,-40
244,1.26,-18.9,-0,1.3,-40
245,1.25,-18.8,-0,0.3,-40
246,1.24,-18.7,-0,0.6,-40
247,1.06,-15.9,-0,11.1,-40
248,0.88,-13.3,-0,10.4,-40
249,0.7,-10.5,-0,11.2,0
250,0.53,-7.9,-0,10.3,75
251,0.24,-3.6,-0,17.1,75
252,-0.03,0.4,-0,16.2,75
253,-0.14,2.2,-0,7,75
254,-0.25,3.7,-0,6,75
255,-0.31,4.7,-0,4.2,75
256,-0.39,5.9,-0,4.5,75
257,-0.48,7.3,-0,5.6,40
258,-1.1,16.5,-0,37.1,53
259,-1.61,24.2,-0,30.6,54
260,-1.82,27.3,-0,12.5,40
261,-2.05,30.8,0,14,44
262,-1.64,24.6,0,-24.7,0
263,-1.27,19,0,-22.6,-75
264,-0.96,14.4,0,-18.3,-75
265,-0.59,8.9,0,-22.1,-75
266,-0.15,2.2,0,-26.8,-75
267,0.01,-0.2,0,-9.6,-75
268,0.24,-3.6,0,-13.7,-75
269,0.32,-4.9,0,-5,-75
270,0.6,-9,0,-16.6,-40
271,0.87,-13,0,-15.9,-40
272,0.53,-7.9,0,20.3,75
273,0.2,-3,0,19.7,75
274,-0.27,4.1,0,28.4,75
275,-0.63,9.5,0,21.5,75
276,-0.95,14.3,0,19.4,75
277,-1.12,16.8,0,9.9,75
278,-1.25,18.7,0,7.7,75
279,-1.3,19.5,0,3.3,40
280,-1.36,20.4,0,3.7,40
281,-2.01,30.1,0,38.6,68
282,-2.15,32.3,0,8.8,41
283,-1.93,29,0,-13.2,40
284,-1.78,26.6,0,-9.3,40
285,-1.46,21.9,0,-19,40
286,-1.24,18.6,0,-13.1,40
287,-1.01,15.1,0,-14.1,0
288,-0.73,11,0,-16.3,-75
289,-0.55,8.3,0,-10.8,-75
290,-0.32,4.8,0,-14.1,-75
291,-0.13,1.9,0,-11.5,-75
292,0.09,-1.3,0,-12.9,-75
293,0.23,-3.5,0,-8.7,-75
294,0.33,-5,0,-6,-75
295,0.46,-6.9,0,-7.5,-40
296,0.84,-12.6,0,-23,-40
297,0.59,-8.8,0,15.2,75
298,0.42,-6.3,0,10.1,75
299,0.42,-6.3,0,-0.1,-75
300,0.13,-2,0,17.5,75
301,-0.18,2.7,0,18.7,75
302,-0.46,7,0,17,75
303,-0.62,9.3,0,9.3,75
304,-0.64,9.5,0,1.1,75
305,-0.44,6.6,0,-11.7,-75
306,-0.04,0.6,0,-24.3,-75
307,0.48,-7.1,0,-30.8,-75
308,1.12,-16.7,0,-38.3,-75
309,1.79,-26.9,0,-40.7,-75
310,2.32,-34.7,0,-31.3,-75
311,2.67,-40.1,0,-21.2,-75
312,2.85,-42.8,0,-10.9,-53
313,3.01,-45.1,0,-9.4,-54
314,3.29,-49.3,0,-16.6,-65
315,3.05,-45.8,0,14,-40
316,2.76,-41.5,0,17.3,-40
317,2.69,-40.3,0,4.5,-40
318,2.76,-41.5,0,-4.5,-45
319,2.73,-40.9,0,2.3,-40
320,2.69,-40.3,0,2.2,-40
321,2.55,-38.3,0,8.1,-40
322,2.49,-37.4,0,3.7,-40
323,2.38,-35.7,0,6.8,-40
324,2.25,-33.8,0,7.5,-40
325,2.18,-32.8,0,4.3,-40
326,2.08,-31.3,0,6,-40
327,2,-29.9,-0,5.3,-40
328,1.93,-29,-0,3.9,-40
329,1.84,-27.6,-0,5.5,-40
330,1.8,-26.9,-0,2.7,-40
331,1.73,-26,-0,3.7,-40
332,1.64,-24.6,-0,5.5,-40
333,1.55,-23.3,-0,5.5,-40
334,1.51,-22.7,-0,2.3,-40
335,1.4,-21,-0,6.8,-40
336,1.37,-20.6,-0,1.6,-40
337,1.29,-19.3,-0,5.1,-40
338,1.23,-18.4,-0,3.8,-40
339,1.22,-18.3,-0,0.2,-40
340,1.17,-17.5,-0,3.2,-40
341,1.11,-16.7,-0,3.5,-40
342,1.02,-15.4,-0,5.2,-40
343,0.99,-14.9,-0,1.9,-40
344,0.94,-14,-0,3.3,-40
345,0.84,-12.6,-0,5.7,-40
346,0.83,-12.4,-0,0.7,-40
347,0.76,-11.3,-0,4.4,-40
348,0.66,-9.9,-0,5.8,-40
349,0.7,-10.4,-0,-2.2,-40
350,0.62,-9.4,-0,4.3,-40
351,0.59,-8.9,-0,1.8,-40
352,0.63,-9.5,-0,-2.3,-40
353,0.57,-8.6,-0.1,3.4,-40
354,0.57,-8.6,-0.1,0.2,-40
355,0.51,-7.7,-0.1,3.3,-40
356,0.53,-7.9,-0.1,-0.8,-40
357,0.46,-6.9,-0.1,4.2,-40
358,0.41,-6.2,-0.1,2.8,-40
359,0.34,-5.1,-0.1,4.5,0
360,0.33,-5,-0.1,0.4,-75
361,0.21,-3.2,-0.1,7.2,75
362,0.27,-4,-0.1,-3.3,-75
363,0.11,-1.6,-0.1,9.5,75
364,0.02,-0.3,-0.1,5.3,75
365,-0.02,0.3,-0.1,2.5,75
366,-0.04,0.6,-0.1,1.2,75
367,-0.02,0.3,-0.1,-1.5,-75
368,0.02,-0.2,-0.1,-2,-75
369,0.04,-0.6,-0.1,-1.4,-75
370,0.12,-1.8,-0.1,-5,-75
371,0.14,-2.1,-0.1,-1.1,-75
372,0.14,-2.1,-0.1,0.1,-75
373,0.18,-2.7,-0.1,-2.3,-75
374,0.15,-2.3,-0.1,1.6,0
375,0.24,-3.6,-0.1,-5.3,-75
376,0.7,-10.5,-0.1,-27.5,-75
377,0.75,-11.2,-0.1,-3,-75
378,0.56,-8.4,-0.1,11.2,75
379,0.03,-0.4,-0.1,32.1,75
380,-0.51,7.6,-0.1,31.9,75
381,-1.04,15.6,-0.1,32,75
382,-1.52,22.8,-0.1,28.7,75
383,-1.9,28.5,-0.1,22.9,75
384,-2.09,31.4,0,11.5,75
385,-2.23,33.5,0,8.5,41
386,-2.41,36.2,0,10.6,46
387,-2.95,44.3,0,32.6,76
388,-3.3,49.6,0,21,75
389,-3.31,49.6,0,0.2,75
390,-3.01,45.2,0,-17.8,75
391,-2.59,38.9,0,-25.1,75
392,-2.31,34.7,0,-16.9,75
393,-2.36,35.3,0,2.6,75
394,-2.15,32.3,0,-12.2,75
395,-1.67,25.1,0,-28.7,-75
396,-1.24,18.5,0,-26.3,-75
397,-0.75,11.2,0,-29.2,-75
398,-0.17,2.5,0,-34.9,-75
399,0.27,-4.1,0,-26.3,-75
400,0.68,-10.1,0,-24.3,-75
401,1.24,-18.6,0,-33.8,-75
402,1.66,-24.8,-0,-25,-49
403,1.73,-25.9,-0,-4.2,-40
404,1.53,-23,-0,11.6,-40
405,1.83,-27.4,-0,-17.8,-45
406,1.55,-23.2,-0,16.8,-40
407,1.13,-17,-0,25,75
408,0.69,-10.4,-0,26.4,75
409,0.24,-3.6,-0,27,75
410,-0.2,3,-0,26.5,75
411,-0.62,9.3,-0,25,75
412,-0.93,13.9,-0,18.4,75
413,-1.08,16.3,-0,9.6,75
414,-1.21,18.2,-0,7.7,40
415,-1.33,20,-0,7.1,40
416,-1.4,20.9,-0,3.9,40
417,-1.28,19.2,-0,-6.9,40
418,-0.97,14.5,0,-18.7,-75
419,-0.8,12,0,-10.2,75
420,-0.42,6.3,0,-22.7,-75
421,-0.16,2.4,0,-15.7,-75
422,0.22,-3.3,0,-22.9,-75
423,0.49,-7.4,0,-16.2,-75
424,0.79,-11.9,0,-18.1,-75
425,1.12,-16.8,-0,-19.4,-75
426,1.47,-22,-0,-21,-75
427,1.72,-25.8,-0,-15.3,-41
428,1.52,-22.8,-0,12.1,-40
429,1.55,-23.2,-0,-1.7,-40
430,1.35,-20.2,-0,12.1,-40
431,0.87,-13,-0,28.9,75
432,0.44,-6.6,-0,25.7,75
433,0.04,-0.6,-0,23.9,75
434,-0.33,5,-0,22.2,75
435,-0.72,10.8,-0,23.2,75
436,-0.95,14.2,-0,13.8,75
437,-1.07,16,-0,7.2,75
438,-1.15,17.3,-0,5.2,40
439,-1.63,24.5,-0,28.7,53
440,-1.92,28.9,-0,17.5,46
441,-1.67,25.1,-0,-15,40
442,-1.4,21,0,-16.5,40
443,-1.49,22.3,0,5.4,40
444,-1.38,20.6,0,-6.8,40
445,-0.92,13.9,0,-27.1,-75
446,-0.47,7.1,0,-27,-75
447,-0.1,1.5,0,-22.2,-75
448,0.33,-4.9,0,-25.7,-75
449,0.69,-10.4,0,-21.9,-75
450,1.1,-16.5,0,-24.5,-75
451,1.38,-20.8,0,-17,-75
452,1.79,-26.9,-0,-24.6,-51
453,1.9,-28.6,-0,-6.6,-40
454,1.94,-29.1,-0,-2.3,-40
455,1.64,-24.6,-0,18,-40
456,1.32,-19.8,-0,19.3,0
457,1,-15,-0,19.3,75
458,0.97,-14.5,-0,1.9,-75
459,0.77,-11.6,-0,11.8,0
460,0.75,-11.2,-0,1.6,-75
461,0.76,-11.4,-0,-0.9,-75
462,0.75,-11.2,-0,0.8,-75
463,0.88,-13.2,-0,-7.8,-75
464,0.83,-12.4,-0,3,-75
465,0.81,-12.1,-0,1.2,-75
466,0.84,-12.5,-0,-1.7,-75
467,0.69,-10.3,-0,8.9,-40
468,0.55,-8.2,-0,8.4,0
469,0.4,-6,-0,8.9,75
470,0.19,-2.9,-0,12.4,75
471,-0.27,4.1,-0,27.7,75
472,-0.65,9.8,-0,23,75
473,-1.08,16.1,-0,25.4,75
474,-1.49,22.3,-0,24.6,75
475,-2.02,30.3,0,31.9,75
476,-2.31,34.7,0,17.7,52
477,-2.26,33.9,0,-3.3,40
478,-1.94,29,0,-19.3,40
479,-1.62,24.3,0,-18.8,40
480,-1.41,21.2,0,-12.6,40
481,-1.18,17.7,0,-13.7,40
482,-0.94,14.1,0,-14.5,0
483,-0.53,7.9,0,-24.8,-75
484,-0.07,1.1,0,-27.3,-75
485,0.29,-4.3,0,-21.7,-75
486,0.61,-9.2,0,-19.5,-75
487,0.78,-11.8,0,-10.3,-75
488,0.9,-13.6,0,-7.2,-75
489,0.9,-13.5,0,0.2,-75
490,0.95,-14.2,0,-2.9,-40
491,0.91,-13.6,0,2.4,-40
492,0.86,-12.9,0,2.8,-40
493,0.68,-10.3,0,10.7,0
494,0.5,-7.5,0,11,75
495,-0.09,1.4,0,35.5,75
496,-0.6,9,0,30.6,75
497,-1.16,17.4,0,33.5,75
498,-1.65,24.7,0,29.3,75
499,-1.97,29.6,0,19.3,75
500,-2.39,35.9,0,25.2,75
501,-2.54,38,0,8.7,46
502,-2.62,39.3,0,5.3,44
503,-3.17,47.5,0,32.6,80
504,-3.13,46.9,0,-2.3,75
505,-2.82,42.2,0,-18.7,75
506,-2.83,42.5,0,1,75
507,-2.84,42.7,0,0.7,75
508,-2.71,40.6,0,-8.2,75
509,-2.54,38,0,-10.4,75
510,-2.27,34,0,-16.2,75
511,-2.25,33.8,0,-0.9,40
512,-2.02,30.2,0,-14.1,40
513,-1.67,25,0,-20.9,40
514,-1.26,18.9,0,-24.4,-75
515,-0.75,11.2,0,-30.8,-75
516,-0.16,2.4,0,-35.1,-75
517,0.24,-3.6,0,-24.2,-75
518,0.69,-10.3,0,-26.8,-75
519,1.11,-16.7,0,-25.5,-75
520,1.58,-23.6,0,-27.6,-75
521,2.34,-35,0,-45.7,-80
522,2.53,-37.9,0,-11.4,-75
523,2.44,-36.6,0,5.2,-75
524,2.05,-30.8,0,23.2,-75
525,1.86,-27.8,-0,11.8,-75
526,1.99,-29.9,-0,-8.1,-75
527,1.92,-28.8,-0,4.4,-75
528,1.58,-23.7,-0,20.3,-75
529,1.27,-19.1,-0,18.6,0
530,1.04,-15.6,-0,13.9,-75
531,0.57,-8.5,-0,28.3,75
532,0.04,-0.6,-0,31.7,75
533,-0.56,8.5,-0,36.2,75
534,-1.07,16,-0,30,75
535,-1.58,23.8,-0,31.1,75
536,-2.02,30.3,0,26,75
537,-2.54,38.1,0,31.4,75
538,-2.82,42.2,0,16.5,58
539,-3.13,46.9,0,18.9,65
540,-3.17,47.5,0,2.4,49
541,-3.65,54.7,0,28.5,83
542,-3.67,55,0,1.4,75
543,-3.5,52.5,0,-10.2,75
544,-3.32,49.8,0,-10.7,75
545,-3.25,48.7,0,-4.4,75
546,-3.16,47.4,0,-5.1,75
547,-2.95,44.2,0,-12.7,75
548,-2.63,39.4,0,-19.2,75
549,-2.55,38.2,0,-4.9,40
550,-2.21,33.2,0,-20,40
551,-1.83,27.4,0,-23.1,40
552,-1.38,20.7,0,-26.9,-75
553,-0.86,13,0,-31,-75
554,-0.14,2.1,0,-43.3,-75
555,0.47,-7.1,0,-37,-75
556,1.06,-15.8,0,-34.9,-75
557,1.68,-25.3,0,-37.7,-75
558,2.19,-32.8,0,-30.3,-75
559,2.62,-39.3,0,-26,-65
560,2.94,-44.1,0,-19,-63
561,2.93,-43.9,0,0.7,-43
562,2.77,-41.6,0,9.4,-40
563,3.05,-45.7,0,-16.6,-62
564,3.21,-48.2,0,-10,-58
565,3.1,-46.4,0,7,-40
566,3.16,-47.3,0,-3.6,-50
567,3.23,-48.4,0,-4.2,-52
568,3.18,-47.7,0,2.6,-45
569,3,-45,0,10.9,-40
570,3.03,-45.4,0,-1.7,-47
571,3.02,-45.4,0,0.3,-45
572,2.94,-44.1,0,5,-40
573,2.93,-44,0,0.7,-43
574,2.92,-43.8,0,0.7,-43
575,2.96,-44.4,0,-2.4,-46
576,2.99,-44.9,0,-2,-46
577,3.13,-46.9,0,-8.3,-55
578,3.27,-49.1,0,-8.5,-57
579,3.32,-49.8,0,-2.8,-52
580,3.44,-51.7,0,-7.6,-59
581,3.6,-54,0,-9.6,-63
582,3.72,-55.8,0,-7.1,-62
583,3.65,-54.8,0,4,-50
584,3.7,-55.5,0,-2.6,-58
585,3.68,-55.2,0,0.8,-54
586,3.42,-51.3,0,15.7,-40
587,3.24,-48.7,0,10.6,-40
588,3,-45,0,14.7,-40
589,2.6,-38.9,0,24.2,-40
590,2.24,-33.6,0,21.3,-40
591,1.91,-28.6,-0,19.9,-40
592,1.44,-21.6,-0,28.2,75
593,1.07,-16,-0,22.2,75
594,0.5,-7.5,-0,34.3,75
595,-0.01,0.2,-0,30.7,75
596,-0.54,8.1,-0,31.5,75
597,-1.02,15.3,-0,28.9,75
598,-1.41,21.1,-0,23.1,75
599,-1.77,26.5,-0,21.6,48
600,-2.32,34.8,0,33.2,67
601,-2.13,31.9,0,-11.6,40
602,-2.42,36.2,0,17.4,53
603,-2.23,33.4,0,-11.2,40
604,-1.77,26.5,0,-27.7,-75
605,-1.35,20.2,0,-25.3,-75
606,-1.02,15.3,0,-19.5,-75
607,-0.7,10.5,0,-19.4,-75
608,-0.46,7,0,-14,-75
609,-0.23,3.5,0,-13.8,-75
610,-0.02,0.3,0,-12.7,-75
611,0.21,-3.1,0,-13.6,-40
612,0.24,-3.6,0,-1.9,-40
613,0.39,-5.9,0,-9.2,-40
614,-0.08,1.2,0,28.3,75
615,-0.46,6.8,0,22.5,75
616,-0.9,13.5,0,26.8,75
617,-1.35,20.2,0,26.8,75
618,-1.77,26.6,0,25.6,75
619,-2.22,33.4,0,27.1,75
620,-2.41,36.1,0,10.8,75
621,-2.64,39.6,0,14.1,53
622,-2.62,39.3,0,-1.3,40
623,-2.49,37.4,0,-7.5,40
624,-2.38,35.7,0,-6.9,40
625,-2.32,34.8,0,-3.3,40
626,-2.36,35.4,0,2.2,40
627,-2.3,34.5,0,-3.5,40
628,-2.4,36,0,5.7,41
629,-2.47,37.1,0,4.5,41
630,-2.22,33.2,0,-15.4,40
631,-1.83,27.4,0,-23.2,40
632,-1.52,22.7,0,-18.8,40
633,-1.23,18.5,0,-17.1,40
634,-1.4,20.9,0,9.9,40
635,-1.38,20.7,0,-1.1,40
636,-1,15.1,0,-22.4,-75
637,-0.71,10.7,0,-17.4,-75
638,-0.37,5.6,0,-20.3,-75
639,-0.07,1,0,-18.3,-75
640,0.22,-3.4,0,-17.6,-75
641,0.5,-7.4,0,-16.3,-75
642,0.74,-11.1,0,-14.6,-75
643,1.21,-18.2,0,-28.4,-46
644,1.17,-17.5,0,2.8,-40
645,0.79,-11.9,0,22.3,75
646,0.91,-13.6,0,-6.7,-75
647,0.68,-10.2,0,13.7,75
648,0.23,-3.4,0,27,75
649,-0.18,2.7,0,24.5,75
650,-0.55,8.3,0,22.2,75
651,-0.88,13.2,0,19.8,75
652,-1.13,17,0,15.2,75
653,-1.26,18.9,0,7.7,75
654,-1.58,23.7,0,19,42
655,-1.95,29.3,0,22.5,51
656,-1.8,27,0,-9,40
657,-2.05,30.7,0,14.6,45
658,-1.98,29.7,0,-4.1,40
659,-1.54,23.1,0,-26.1,-75
660,-1.08,16.2,0,-28,-75
661,-0.57,8.5,0,-30.6,-75
662,0,-0.1,0,-34.3,-75
663,0.69,-10.4,0,-41.2,-75
664,1.3,-19.5,0,-36.4,-75
665,1.83,-27.5,0,-32.2,-75
666,2.38,-35.7,0,-32.6,-68
667,2.79,-41.8,0,-24.7,-66
668,2.77,-41.6,0,0.9,-40
669,2.58,-38.8,0,11.4,-40
670,2.84,-42.6,0,-15.4,-58
671,3.05,-45.8,0,-12.5,-58
672,2.97,-44.5,0,5,-40
673,3,-44.9,0,-1.8,-46
674,2.99,-44.9,0,0.3,-44
675,3.02,-45.3,0,-1.6,-46
676,2.91,-43.7,0,6.4,-40
677,2.94,-44.1,0,-1.6,-45
678,2.86,-42.9,0,4.7,-40
679,2.69,-40.4,0,10,-40
680,2.61,-39.2,0,4.9,-40
681,2.47,-37.1,0,8.2,-40
682,2.34,-35.1,0,7.9,-40
683,2.13,-31.9,0,12.9,-40
684,2,-30,0,7.6,-40
685,1.79,-26.8,-0,12.8,-40
686,1.6,-24,-0,11.5,-40
687,1.35,-20.2,-0,15,-40
688,1.18,-17.7,-0,10.2,-40
689,1.06,-15.9,-0,7.2,-40
690,0.78,-11.6,-0,16.9,75
691,0.5,-7.5,-0,16.5,75
692,0.06,-0.9,-0,26.3,75
693,-0.39,5.8,-0,26.9,75
694,-0.75,11.2,-0,21.7,75
695,-1.04,15.6,-0,17.4,75
696,-1.21,18.1,-0,10.3,75
697,-1.39,20.9,-0,11.2,40
698,-1.64,24.6,-0,14.7,40
699,-1.42,21.3,-0,-13.2,40
700,-1,15,0,-25,-75
701,-0.72,10.9,0,-16.7,-75
702,-0.44,6.6,0,-17,-75
703,-0.22,3.3,0,-13.2,-75
704,-0.04,0.6,0,-10.7,-75
705,0.09,-1.3,0,-7.9,-75
706,0.11,-1.6,0,-1.1,-75
707,0.04,-0.7,0,3.8,75
708,-0.02,0.2,0,3.6,75
709,-0.24,3.6,0,13.3,75
710,-0.63,9.4,0,23.3,75
711,-0.92,13.8,0,17.5,75
712,-1.25,18.7,0,19.8,75
713,-1.45,21.8,0,12.1,75
714,-1.57,23.6,0,7.4,40
715,-1.83,27.5,0,15.5,43
716,-1.72,25.8,0,-6.9,40
717,-1.73,25.9,0,0.7,40
718,-2.05,30.8,0,19.3,50
719,-1.75,26.3,0,-18,40
720,-1.37,20.6,0,-22.7,-75
721,-1.15,17.3,0,-13.2,75
722,-0.82,12.2,0,-20.2,-75
723,-0.64,9.6,0,-10.5,0
724,-0.43,6.4,0,-12.9,-75
725,-0.14,2.1,0,-17.1,-75
726,0.1,-1.5,0,-14.3,-75
727,0.22,-3.2,0,-7.1,-75
728,0.26,-4,0,-3,-75
729,0.25,-3.8,0,0.8,-75
730,0.17,-2.6,0,4.8,75
731,0.05,-0.7,0,7.4,75
732,-0.01,0.1,0,3.4,75
733,-0.24,3.6,0,13.9,75
734,-0.54,8.1,0,18,75
735,-0.78,11.7,0,14.5,75
736,-0.89,13.3,0,6.4,75
737,-0.96,14.4,0,4.5,40
738,-1.03,15.5,0,4.4,40
739,-1.07,16.1,0,2.4,40
740,-1.18,17.8,0,6.7,40
741,-0.95,14.2,0,-14.1,0
742,-0.72,10.7,0,-14.1,-75
743,-0.81,12.2,0,5.7,75
744,-0.54,8.1,0,-16.2,-75
745,-0.24,3.5,0,-18.2,-75
746,0.07,-1.1,0,-18.5,-75
747,0.34,-5.1,0,-16.2,-75
748,0.55,-8.2,0,-12.3,-75
749,0.66,-9.8,0,-6.6,-75
750,0.78,-11.6,0,-7.1,-75
751,0.87,-13,0,-5.7,-40
752,0.87,-13,0,0.1,-40
753,0.9,-13.5,0,-1.9,-40
754,0.52,-7.8,0,23.1,75
755,0.14,-2.1,0,22.8,75
756,-0.23,3.5,0,22.3,75
757,-0.53,7.9,0,17.5,75
758,-0.74,11.1,0,12.8,75
759,-0.99,14.8,0,14.7,75
760,-1.11,16.6,0,7.5,75
761,-1.24,18.6,0,7.8,40
762,-1.69,25.3,0,26.8,52
763,-1.82,27.3,0,8,40
764,-1.64,24.5,0,-11.1,40
765,-1.49,22.3,0,-9,40
766,-1.23,18.5,0,-15.3,40
767,-1,14.9,0,-14.1,0
768,-0.88,13.2,0,-7,75
769,-0.78,11.7,0,-5.8,75
770,-0.57,8.5,0,-13,-75
771,-0.2,3,0,-21.9,-75
772,0.14,-2.1,0,-20.5,-75
773,0.46,-6.9,0,-19,-75
774,0.8,-12.1,0,-20.8,-75
775,1.1,-16.4,0,-17.6,-75
776,1.32,-19.8,0,-13.2,-75
777,1.91,-28.6,0,-35.5,-64
778,2.11,-31.6,0,-11.9,-43
779,1.79,-26.9,-0,19.1,-40
780,1.46,-21.9,-0,19.7,-40
781,1.35,-20.2,-0,6.9,-40
782,1.28,-19.3,-0,3.8,-40
783,0.79,-11.9,-0,29.5,75
784,0.39,-5.9,-0,24,75
785,-0.04,0.6,-0,26,75
786,-0.45,6.8,-0,24.7,75
787,-0.87,13,-0,24.8,75
788,-1.29,19.4,-0,25.5,75
789,-1.59,23.8,-0,17.7,75
790,-1.78,26.7,-0,11.4,40
791,-2.39,35.9,0,36.9,72
792,-2.54,38.1,0,8.7,46
793,-2.33,34.9,0,-12.5,40
794,-2.01,30.2,0,-19,40
795,-2.14,32.1,0,7.6,40
796,-2.47,37.1,0,19.9,56
797,-2.11,31.7,0,-21.6,40
798,-1.67,25.1,0,-26.2,-75
799,-1.34,20.1,0,-20.1,0
800,-1.06,15.8,0,-17,-75
801,-0.66,9.9,0,-23.7,-75
802,-0.24,3.6,0,-25.3,-75
803,0.17,-2.5,0,-24.3,-75
804,0.53,-7.9,0,-21.7,-75
805,0.89,-13.4,0,-22,-75
806,1.44,-21.5,0,-32.4,-75
807,1.42,-21.3,0,0.9,-40
808,1.21,-18.1,-0,12.8,-40
809,0.95,-14.2,-0,15.5,75
810,0.83,-12.4,-0,7.3,-75
811,0.58,-8.7,-0,14.9,75
812,0.48,-7.2,-0,5.9,-75
813,0.13,-2,-0,20.8,75
814,-0.26,3.9,-0,23.5,75
815,-0.67,10,-0,24.4,75
816,-0.98,14.7,-0,19,75
817,-1.22,18.4,-0,14.5,75
818,-1.4,21,0,10.7,75
819,-1.49,22.3,0,5.2,75
820,-1.51,22.7,0,1.5,40
821,-1.91,28.6,0,23.7,52
822,-1.79,26.8,0,-7.2,40
823,-1.41,21.2,0,-22.6,-75
824,-1.19,17.8,0,-13.5,75
825,-1.15,17.2,0,-2.4,75
826,-1.02,15.3,0,-7.7,75
827,-0.83,12.5,0,-11.1,75
828,-0.75,11.3,0,-4.9,75
829,-0.58,8.7,0,-10.3,-75
830,-0.18,2.7,0,-23.8,-75
831,0.35,-5.3,0,-31.9,-75
832,0.83,-12.5,0,-28.9,-75
833,1.37,-20.5,0,-32.2,-75
834,1.78,-26.7,0,-24.9,-75
835,2.2,-33,0,-24.8,-75
836,2.4,-36,0,-12.2,-48
837,2.67,-40,0,-16,-55
838,2.34,-35.1,0,19.6,-40
839,1.96,-29.4,-0,22.8,-40
840,1.54,-23.1,-0,25.2,75
841,1.53,-22.9,-0,0.8,-75
842,1.13,-17,-0,23.5,75
843,0.95,-14.2,-0,11.3,-75
844,0.63,-9.5,-0,19,75
845,0.31,-4.7,-0,18.9,75
846,0.05,-0.7,-0,16.1,75
847,-0.09,1.3,-0,8.1,75
848,-0.19,2.9,-0,6.4,75
849,-0.24,3.5,-0,2.5,75
850,-0.22,3.3,-0,-1.1,75
851,-0.11,1.6,-0,-6.7,-75
852,-0.36,5.4,-0,15.2,75
853,-0.51,7.6,-0,9.1,75
854,-0.41,6.1,-0,-6,0
855,-0.64,9.6,-0,13.7,75
856,-0.22,3.3,-0,-25.2,-75
857,0.36,-5.3,-0,-34.4,-75
858,0.89,-13.3,-0,-32,-75
859,1.53,-23,-0,-38.7,-75
860,2.16,-32.4,0,-37.7,-75
861,2.52,-37.8,0,-21.5,-75
862,3.16,-47.5,0,-38.5,-85
863,3.59,-53.8,0,-25.4,-79
864,3.64,-54.6,0,-3,-75
865,3.5,-52.5,0,8.2,-75
866,3.39,-50.9,0,6.6,-75
867,3.41,-51.2,0,-1.4,-75
868,3.31,-49.6,0,6.3,-75
869,3.08,-46.2,0,13.5,-75
870,2.9,-43.5,0,11,-75
871,2.69,-40.3,0,12.7,-40
872,2.37,-35.5,0,19.2,-40
873,1.99,-29.9,-0,22.5,-40
874,1.49,-22.3,-0,30.4,75
875,0.99,-14.8,-0,30.1,75
876,0.39,-5.9,-0,35.5,75
877,-0.17,2.5,-0,33.8,75
878,-0.65,9.7,-0,28.7,75
879,-1.02,15.3,-0,22.3,75
880,-1.3,19.5,-0,16.9,75
881,-1.51,22.6,-0,12.4,40
882,-2.02,30.3,0,30.9,61
883,-1.87,28.1,0,-8.9,40
884,-1.62,24.2,0,-15.5,40
885,-1.59,23.8,0,-1.7,40
886,-1.24,18.6,0,-20.8,-75
887,-0.65,9.7,0,-35.6,-75
888,-0.11,1.6,0,-32.3,-75
889,0.23,-3.4,0,-20.2,-75
890,0.54,-8.1,0,-18.7,-75
891,0.76,-11.4,0,-13.3,-75
892,0.92,-13.9,0,-9.7,-75
893,0.95,-14.2,0,-1.4,-40
894,1.08,-16.2,0,-8.1,-40
895,1.16,-17.4,0,-4.7,-40
896,0.88,-13.2,0,16.7,75
897,0.43,-6.5,0,26.9,75
898,-0.09,1.4,0,31.6,75
899,-0.59,8.8,0,29.7,75
900,-1.08,16.2,0,29.5,75
901,-1.53,23,0,27.2,75
902,-2.09,31.4,0,33.4,75
903,-2.51,37.7,0,25.1,62
904,-2.59,38.8,0,4.6,43
905,-2.55,38.3,0,-2.1,40
906,-2.98,44.7,0,25.6,70
907,-2.71,40.6,0,-16.3,40
908,-2.4,35.9,0,-18.6,40
909,-2.12,31.8,0,-16.6,40
910,-1.85,27.8,0,-16.1,40
911,-1.97,29.6,0,7.2,40
912,-1.82,27.4,0,-8.8,40
913,-1.54,23.2,0,-16.8,40
914,-1.27,19.1,0,-16.4,40
915,-1.01,15.2,0,-15.6,0
916,-0.77,11.6,0,-14.3,-75
917,-0.37,5.6,0,-24.2,-75
918,-0.08,1.2,0,-17.3,-75
919,0.28,-4.2,0,-21.6,-75
920,0.57,-8.5,0,-17.4,-75
921,0.88,-13.2,0,-18.7,-75
922,1.17,-17.5,0,-17.1,-75
923,1.58,-23.7,0,-25,-48
924,2,-29.9,0,-24.8,-54
925,1.77,-26.5,0,13.6,-40
926,1.65,-24.7,0,7.2,-40
927,1.85,-27.8,-0,-12.4,-40
928,1.72,-25.7,-0,8.3,-40
929,1.32,-19.8,-0,23.7,75
930,1.1,-16.5,-0,13.1,-75
931,0.67,-10.1,-0,25.8,75
932,0.34,-5,-0,20.2,75
933,0.01,-0.1,-0,19.8,75
934,-0.32,4.8,-0,19.5,75
935,-0.49,7.4,-0,10.6,75
936,-0.59,8.8,-0,5.7,75
937,-0.64,9.5,-0,2.8,75
938,-0.63,9.5,-0,-0.3,40
939,-0.53,7.9,-0,-6.3,40
940,-0.4,6.1,-0,-7.4,-75
941,-0.3,4.5,-0,-6.4,-75
942,-0.04,0.6,-0,-15.6,-75
943,0.26,-3.9,-0,-17.7,-75
944,0.5,-7.6,-0,-14.8,-75
945,0.81,-12.1,-0,-18.2,-75
946,0.95,-14.2,-0,-8.4,-75
947,1.15,-17.2,-0,-12.1,-40
948,1.74,-26.1,-0,-35.5,-61
949,1.68,-25.2,-0,3.7,-40
950,1.45,-21.8,-0,13.4,-40
951,1.51,-22.6,-0,-3.3,-40
952,1.66,-24.9,-0,-9,-40
953,1.58,-23.8,-0,4.6,-40
954,1.38,-20.8,-0,12,-40
955,1.34,-20.2,-0,2.4,-40
956,1.23,-18.5,-0,6.7,-40
957,1.13,-17,-0,6.1,-40
958,1.07,-16,-0,3.9,-40
959,0.93,-14,-0,7.9,-40
960,0.74,-11.1,-0,11.5,0
961,0.63,-9.4,-0,7,-75
962,0.34,-5.1,-0,17.2,75
963,0.13,-2,-0,12.3,75
964,-0.22,3.3,-0,21.3,75
965,-0.52,7.7,-0,17.6,75
966,-0.74,11,-0,13.2,75
967,-0.89,13.4,-0,9.5,75
968,-0.85,12.8,-0,-2.4,75
969,-0.8,12,-0,-3.4,40
970,-0.82,12.2,-0,1.1,40
971,-1.13,17,-0,18.9,40
972,-0.98,14.6,-0,-9.3,40
973,-0.62,9.4,-0,-21.1,-75
974,-0.35,5.3,-0,-16.4,-75
975,0.07,-1.1,-0,-25.5,-75
976,0.47,-7,-0,-23.6,-75
977,0.72,-10.8,-0,-15.1,-75
978,0.96,-14.4,-0,-14.3,-75
979,1.09,-16.4,-0,-8.3,-75
980,1.25,-18.8,-0,-9.3,-40
981,1.52,-22.7,-0,-15.9,-40
982,1.22,-18.3,-0,17.7,0
983,0.88,-13.2,-0,20.5,75
984,0.55,-8.2,-0,19.9,75
985,0.53,-8,-0,0.9,-75
986,0.11,-1.6,-0,25.4,75
987,-0.34,5.1,-0,27,75
988,-0.72,10.9,-0,23.1,75
989,-1.05,15.8,-0,19.6,75
990,-1.33,20,-0,17,75
991,-1.52,22.8,-0,11.1,75
992,-2.23,33.4,0,42.4,75
993,-2.35,35.3,0,7.7,75
994,-2.07,31.1,0,-16.9,75
995,-1.89,28.4,0,-10.8,75
996,-1.92,28.8,0,1.5,75
997,-2.25,33.8,0,20.1,75
998,-2.06,30.9,0,-11.6,75
999,-1.61,24.2,0,-26.7,-75
1000,-1.25,18.7,0,-22.1,-75
1001,-0.87,13,0,-22.6,-75
1002,-0.45,6.7,0,-25.3,-75
1003,-0.08,1.2,0,-22,-75
1004,0.29,-4.4,0,-22.3,-75
1005,0.58,-8.7,0,-17.3,-75
1006,1.04,-15.6,0,-27.7,-43
1007,1.4,-21,0,-21.8,-42
1008,1.58,-23.6,-0,-10.4,-40
1009,1.53,-22.9,-0,3,-40
1010,1.08,-16.2,-0,26.7,75
1011,0.7,-10.4,-0,23.1,75
1012,0.24,-3.7,-0,27.1,75
1013,-0.23,3.4,-0,28.4,75
1014,-0.61,9.2,-0,23,75
1015,-1.01,15.2,-0,23.8,75
1016,-1.17,17.6,-0,9.7,75
1017,-1.5,22.5,0,19.7,42
1018,-1.37,20.5,0,-8,40
1019,-1.17,17.5,0,-11.9,40
1020,-0.97,14.6,0,-11.6,40
1021,-0.9,13.5,0,-4.4,40
1022,-0.71,10.7,0,-11.2,0
1023,-0.41,6.1,0,-18.3,-75
1024,-0.13,1.9,0,-16.7,-75
1025,0.15,-2.2,0,-16.7,-75
1026,0.49,-7.3,0,-20.3,-75
1027,0.72,-10.8,0,-14.1,-75
1028,0.91,-13.6,0,-11,-75
1029,1.06,-15.9,0,-9.3,-75
1030,1.26,-18.9,0,-12.1,-40
1031,1.6,-24,-0,-20.1,-44
1032,1.28,-19.2,-0,19.3,0
1033,1.14,-17.2,-0,8,-75
1034,1,-15,-0,8.8,-75
1035,0.69,-10.3,-0,18.7,75
1036,0.34,-5.1,-0,20.8,75
1037,-0.15,2.2,-0,29.1,75
1038,-0.68,10.1,-0,31.8,75
1039,-1.14,17.1,-0,27.9,75
1040,-1.56,23.4,-0,25.3,75
1041,-2.02,30.3,0,27.6,75
1042,-2.84,42.7,0,49.3,91
1043,-3.02,45.3,0,10.7,75
1044,-2.95,44.3,0,-4.3,75
1045,-2.88,43.3,0,-4.1,75
1046,-2.88,43.2,0,-0.3,75
1047,-2.84,42.6,0,-2.3,75
1048,-2.84,42.5,0,-0.2,75
1049,-2.45,36.8,0,-23.1,75
1050,-1.9,28.5,0,-33,-75
1051,-1.7,25.5,0,-12.1,75
1052,-1.35,20.3,0,-20.8,0
1053,-1.1,16.5,0,-15.3,75
1054,-0.94,14.1,0,-9.7,75
1055,-0.58,8.7,0,-21.6,-75
1056,-0.28,4.3,0,-17.6,-75
1057,-0.03,0.4,0,-15.3,-75
1058,0.38,-5.7,0,-24.7,-75
1059,0.68,-10.2,0,-18.1,-75
1060,0.97,-14.6,0,-17.3,-75
1061,1.19,-17.9,0,-13.4,-75
1062,1.37,-20.5,0,-10.4,-40
1063,1.57,-23.6,0,-12.2,-40
1064,1.74,-26,0,-9.9,-40
1065,1.46,-21.8,-0,16.8,-40
1066,1.11,-16.7,-0,20.4,75
1067,1.19,-17.8,-0,-4.2,-75
1068,0.91,-13.7,-0,16.3,75
1069,0.49,-7.4,-0,25.2,75
1070,0.09,-1.3,-0,24.5,75
1071,-0.34,5.1,-0,25.4,75
1072,-1.03,15.4,-0,41.5,75
1073,-1.74,26.1,-0,42.6,75
1074,-2.3,34.5,0,33.5,75
1075,-2.45,36.7,0,9,45
1076,-2.31,34.7,0,-8.2,40
1077,-2.28,34.1,0,-2.1,40
1078,-2.28,34.2,0,0.2,40
1079,-2.2,33,0,-5,40
1080,-1.99,29.9,0,-12.4,40
1081,-1.94,29.1,0,-3.1,40
1082,-1.89,28.3,0,-3,40
1083,-1.61,24.1,0,-17,40
1084,-1.45,21.7,0,-9.3,40
1085,-1.45,21.8,0,0.1,40
1086,-1.34,20.1,0,-6.6,40
1087,-1.04,15.7,0,-17.8,-75
1088,-0.83,12.4,0,-13.1,0
1089,-0.55,8.2,0,-16.6,-75
1090,-0.3,4.5,0,-14.9,-75
1091,-0.08,1.2,0,-13.1,-75
1092,0.13,-2,0,-12.8,-75
1093,0.21,-3.1,0,-4.6,-75
1094,0.2,-3,0,0.2,-75
1095,0.11,-1.6,0,5.7,75
1096,0.17,-2.5,0,-3.6,-75
1097,0.07,-1,0,5.9,75
1098,-0.23,3.5,0,18,75
1099,-0.62,9.3,0,23.2,75
1100,-0.93,13.9,0,18.6,75
1101,-1.19,17.9,0,15.9,75
1102,-1.44,21.5,0,14.6,75
1103,-1.7,25.5,0,16,75
1104,-2.11,31.7,0,24.6,56
1105,-2.54,38.1,0,25.6,63
1106,-2.74,41.1,0,12.2,53
1107,-2.55,38.2,0,-11.7,40
1108,-2.44,36.5,0,-6.7,40
1109,-2.53,37.9,0,5.5,43
1110,-2.71,40.7,0,11,51
1111,-2.7,40.5,0,-0.7,40
1112,-2.65,39.7,0,-3,40
1113,-2.89,43.4,0,14.7,58
1114,-2.66,39.8,0,-14.3,40
1115,-2.53,38,0,-7.5,40
1116,-2.79,41.9,0,15.8,57
1117,-3.01,45.1,0,12.8,57
1118,-2.9,43.5,0,-6.6,40
1119,-2.81,42.1,0,-5.5,40
1120,-2.83,42.4,0,1.4,43
1121,-2.64,39.6,0,-11.3,40
1122,-2.51,37.6,0,-7.9,40
1123,-2.36,35.4,0,-8.8,40
1124,-2.31,34.6,0,-3.4,40
1125,-2.25,33.8,0,-3.3,40
1126,-2.12,31.8,0,-7.9,40
1127,-2.02,30.3,0,-5.8,40
1128,-1.89,28.3,0,-8.1,40
1129,-1.7,25.5,0,-11.2,40
1130,-1.62,24.3,0,-4.7,40
1131,-1.62,24.3,0,-0,40
1132,-1.65,24.8,0,2,40
1133,-1.53,22.9,0,-7.6,40
1134,-1.38,20.7,0,-8.9,40
1135,-1.42,21.2,0,2.3,40
1136,-1.39,20.9,0,-1.4,40
1137,-1.27,19,0,-7.6,40
1138,-1.28,19.2,0,0.6,40
1139,-1.22,18.2,0,-3.7,40
1140,-1.18,17.6,0,-2.5,40
1141,-1.18,17.8,0,0.6,40
1142,-1.27,19,0,5.1,40
1143,-1.05,15.7,0,-13.4,40
1144,-1,14.9,0,-3,40
1145,-1.1,16.6,0,6.5,40
1146,-1.12,16.8,0,0.8,40
1147,-0.92,13.8,0,-11.7,40
1148,-0.97,14.6,0,3,40
1149,-1.23,18.4,0,15.3,40
1150,-1.7,25.5,0,28.2,53
1151,-2.23,33.4,0,31.8,65
1152,-2.55,38.3,0,19.5,57
1153,-2.51,37.7,0,-2.4,40
1154,-2.32,34.8,0,-11.4,40
1155,-1.92,28.8,0,-24.3,40
1156,-1.5,22.6,0,-24.8,-75
1157,-1.09,16.4,0,-24.8,-75
1158,-0.68,10.2,0,-24.8,-75
1159,-0.28,4.2,0,-23.9,-75
1160,0.02,-0.4,0,-18.1,-75
1161,0.38,-5.7,0,-21.4,-75
1162,0.8,-12,0,-24.9,-75
1163,1.19,-17.9,0,-23.8,-41
1164,1.24,-18.5,0,-2.5,-40
